timestamp,equity,benchmark_equity,close
2026-01-23 04:00:00,10000.0,10000.0,129.12
2026-01-23 05:00:00,10000.0,9965.148698884757,128.67
2026-01-23 06:00:00,10000.0,9874.53531598513,127.5
2026-01-23 07:00:00,10000.0,9907.837670384139,127.93
2026-01-23 08:00:00,10000.0,9844.330855018587,127.11
2026-01-23 09:00:00,10000.0,9842.007434944238,127.08
2026-01-23 10:00:00,10000.0,9857.496902106568,127.28
2026-01-23 11:00:00,10000.0,9877.633209417596,127.54
2026-01-23 12:00:00,10000.0,9850.52664188352,127.19
2026-01-23 13:00:00,10000.0,9822.645600991325,126.83
2026-01-23 14:00:00,10000.0,9766.88351920694,126.11
2026-01-23 15:00:00,10000.0,9905.514250309789,127.9
2026-01-23 16:00:00,10000.0,9948.884758364313,128.46
2026-01-23 17:00:00,10000.0,9948.110285006194,128.45
2026-01-23 18:00:00,10000.0,9994.578686493185,129.05
2026-01-23 19:00:00,10000.0,9919.454770755887,128.08
2026-01-23 20:00:00,10000.0,9833.488228004957,126.97
2026-01-23 21:00:00,10000.0,9847.428748451053,127.15
2026-01-23 22:00:00,10000.0,9888.475836431226,127.68
2026-01-23 23:00:00,10000.0,9869.114002478314,127.43
2026-01-24 00:00:00,10000.0,9867.565055762081,127.41
2026-01-24 01:00:00,10000.0,9878.40768277571,127.55
2026-01-24 02:00:00,10000.0,9891.573729863692,127.72
2026-01-24 03:00:00,10000.0,9906.288723667905,127.91
2026-01-24 04:00:00,10000.0,9901.641883519207,127.85
2026-01-24 05:00:00,10000.0,9898.54399008674,127.81
2026-01-24 06:00:00,10000.0,9886.926889714992,127.66
2026-01-24 07:00:00,10000.0,9844.330855018587,127.11
2026-01-24 08:00:00,10000.0,9863.6926889715,127.36
2026-01-24 09:00:00,10000.0,9842.781908302353,127.09
2026-01-24 10:00:00,10007.86843968841,9850.52664188352,127.19
2026-01-24 11:00:00,10006.29475175073,9848.977695167287,127.17
2026-01-24 12:00:00,10017.310567314502,9859.820322180916,127.31
2026-01-24 13:00:00,9988.197340467384,9831.164807930607,126.94
2026-01-24 14:00:00,9988.197340467384,9848.203221809168,127.16
2026-01-24 15:00:00,9988.197340467384,9824.194547707557,126.85
2026-01-24 16:00:00,9988.197340467384,9836.586121437424,127.01
2026-01-24 17:00:00,9988.197340467384,9855.947955390335,127.26
2026-01-24 18:00:00,9988.197340467384,9866.01610904585,127.39
2026-01-24 19:00:00,9988.197340467384,9859.0458488228,127.3
2026-01-24 20:00:00,9988.197340467384,9858.271375464685,127.29
2026-01-24 21:00:00,9988.197340467384,9845.87980173482,127.13
2026-01-24 22:00:00,9988.197340467384,9885.37794299876,127.64
2026-01-24 23:00:00,9988.197340467384,9852.075588599751,127.21
2026-01-25 00:00:00,9988.197340467384,9862.143742255266,127.34
2026-01-25 01:00:00,9988.197340467384,9846.654275092937,127.14
2026-01-25 02:00:00,9988.197340467384,9839.684014869888,127.05
2026-01-25 03:00:00,9988.197340467384,9807.930607187112,126.64
2026-01-25 04:00:00,9988.197340467384,9817.998760842627,126.77
2026-01-25 05:00:00,9988.197340467384,9831.164807930607,126.94
2026-01-25 06:00:00,9988.197340467384,9814.126394052044,126.72
2026-01-25 07:00:00,9988.197340467384,9794.76456009913,126.47
2026-01-25 08:00:00,9988.197340467384,9776.177199504336,126.23
2026-01-25 09:00:00,9988.197340467384,9812.577447335812,126.7
2026-01-25 10:00:00,9988.197340467384,9831.164807930607,126.94
2026-01-25 11:00:00,9988.197340467384,9817.998760842627,126.77
2026-01-25 12:00:00,9988.197340467384,9838.135068153655,127.03
2026-01-25 13:00:00,9988.197340467384,9832.713754646838,126.96
2026-01-25 14:00:00,9988.197340467384,9765.334572490707,126.09
2026-01-25 15:00:00,9988.197340467384,9726.610904584883,125.59
2026-01-25 16:00:00,9988.197340467384,9508.98389095415,122.78
2026-01-25 17:00:00,9988.197340467384,9465.613382899628,122.22
2026-01-25 18:00:00,9988.197340467384,9424.566294919454,121.69
2026-01-25 19:00:00,9988.197340467384,9135.687732342007,117.96
2026-01-25 20:00:00,9988.197340467384,9164.343246592316,118.33
2026-01-25 21:00:00,9988.197340467384,9203.06691449814,118.83
2026-01-25 22:00:00,9988.197340467384,9171.313506815364,118.42
2026-01-25 23:00:00,9988.197340467384,9204.615861214374,118.85
2026-01-26 00:00:00,9988.197340467384,9266.573729863692,119.65
2026-01-26 01:00:00,9988.197340467384,9479.553903345726,122.4
2026-01-26 02:00:00,9988.197340467384,9450.898389095415,122.03
2026-01-26 03:00:00,9988.197340467384,9415.272614622058,121.57
2026-01-26 04:00:00,9988.197340467384,9494.268897149937,122.59
2026-01-26 05:00:00,9988.197340467384,9485.749690210656,122.48
2026-01-26 06:00:00,9988.197340467384,9485.749690210656,122.48
2026-01-26 07:00:00,9988.197340467384,9517.503097893432,122.89
2026-01-26 08:00:00,9988.197340467384,9502.013630731102,122.69
2026-01-26 09:00:00,9988.197340467384,9443.15365551425,121.93
2026-01-26 10:00:00,9988.197340467384,9483.426270136308,122.45
2026-01-26 11:00:00,9988.197340467384,9487.29863692689,122.5
2026-01-26 12:00:00,9988.197340467384,9501.239157372987,122.68
2026-01-26 13:00:00,9988.197340467384,9538.413878562576,123.16
2026-01-26 14:00:00,9988.197340467384,9587.980173482032,123.8
2026-01-26 15:00:00,9988.197340467384,9567.069392812888,123.53
2026-01-26 16:00:00,9988.197340467384,9626.703841387856,124.3
2026-01-26 17:00:00,9988.197340467384,9625.154894671623,124.28
2026-01-26 18:00:00,9988.197340467384,9673.172242874845,124.9
2026-01-26 19:00:00,9988.197340467384,9627.478314745973,124.31
2026-01-26 20:00:00,9988.197340467384,9580.235439900867,123.7
2026-01-26 21:00:00,9988.197340467384,9643.74225526642,124.52
2026-01-26 22:00:00,9988.197340467384,9645.291201982653,124.54
2026-01-26 23:00:00,9988.197340467384,9622.057001239156,124.24
2026-01-27 00:00:00,9988.197340467384,9610.43990086741,124.09
2026-01-27 01:00:00,9988.197340467384,9629.801734820323,124.34
2026-01-27 02:00:00,9988.197340467384,9684.014869888477,125.04
2026-01-27 03:00:00,9988.197340467384,9642.967781908303,124.51
2026-01-27 04:00:00,9988.197340467384,9635.997521685253,124.42
2026-01-27 05:00:00,9988.197340467384,9639.869888475836,124.47
2026-01-27 06:00:00,9988.197340467384,9619.733581164806,124.21
2026-01-27 07:00:00,9988.197340467384,9643.74225526642,124.52
2026-01-27 08:00:00,9988.197340467384,9608.11648079306,124.06
2026-01-27 09:00:00,9988.197340467384,9583.333333333332,123.74
2026-01-27 10:00:00,9988.197340467384,9581.7843866171,123.72
2026-01-27 11:00:00,9988.197340467384,9612.76332094176,124.12
2026-01-27 12:00:00,9988.197340467384,9594.95043370508,123.89
2026-01-27 13:00:00,9988.197340467384,9541.511771995043,123.2
2026-01-27 14:00:00,9988.197340467384,9575.58859975217,123.64
2026-01-27 15:00:00,9988.197340467384,9681.691449814127,125.01
2026-01-27 16:00:00,9988.197340467384,9783.147459727385,126.32
2026-01-27 17:00:00,9988.197340467384,9607.342007434943,124.05
2026-01-27 18:00:00,9988.197340467384,9743.649318463444,125.81
2026-01-27 19:00:00,9988.197340467384,9746.74721189591,125.85
2026-01-27 20:00:00,10108.03983537486,9863.6926889715,127.36
2026-01-27 21:00:00,10084.2300681747,9840.458488228005,127.06
2026-01-27 22:00:00,10128.674966948332,9883.828996282527,127.62
2026-01-27 23:00:00,10094.547633961434,9850.52664188352,127.19
2026-01-28 00:00:00,10100.10324630814,9855.947955390335,127.26
2026-01-28 01:00:00,10086.611044894713,9842.781908302353,127.09
2026-01-28 02:00:00,10085.023727081369,9841.23296158612,127.07
2026-01-28 03:00:00,10076.293479107977,9832.713754646838,126.96
2026-01-28 04:00:00,10066.769572227913,9823.420074349442,126.84
2026-01-28 05:00:00,10061.21395988121,9817.998760842627,126.77
2026-01-28 06:00:00,10111.21447100155,9866.790582403966,127.4
2026-01-28 07:00:00,10087.404703801389,9843.55638166047,127.1
2026-01-28 08:00:00,10053.277370814492,9810.254027261462,126.67
2026-01-28 09:00:00,10127.08764913499,9882.280049566294,127.6
2026-01-28 10:00:00,10104.865199748172,9860.594795539033,127.32
2026-01-28 11:00:00,10172.326206815294,9926.425030978933,128.17
2026-01-28 12:00:00,10099.309587401469,9855.173482032218,127.25
2026-01-28 13:00:00,10107.246176468188,9862.918215613383,127.35
2026-01-28 14:00:00,10069.150548947931,9825.743494423792,126.87
2026-01-28 15:00:00,10005.657836414168,9763.785625774473,126.07
2026-01-28 16:00:00,10007.245154227514,9765.334572490707,126.09
2026-01-28 17:00:00,10042.166146121082,9799.41140024783,126.53
2026-01-28 18:00:00,10007.245154227514,9765.334572490707,126.09
2026-01-28 19:00:00,10000.895882974137,9759.138785625775,126.01
2026-01-28 20:00:00,9955.65732529383,9714.993804213134,125.44
2026-01-28 21:00:00,9958.831960920521,9718.091697645601,125.48
2026-01-28 22:00:00,9978.673433587323,9737.453531598514,125.73
2026-01-28 23:00:00,9948.514395133783,9708.023543990086,125.35
2026-01-29 00:00:00,9931.053899187,9690.985130111523,125.13
2026-01-29 01:00:00,9867.561186653238,9629.027261462204,124.33
2026-01-29 02:00:00,9803.274815212804,9566.29491945477,123.52
2026-01-29 03:00:00,9767.560164412562,9531.443618339528,123.07
2026-01-29 04:00:00,9795.338226146081,9558.550185873606,123.42
2026-01-29 05:00:00,9782.63968363933,9546.158612143743,123.26
2026-01-29 06:00:00,9816.767016626227,9579.46096654275,123.69
2026-01-29 07:00:00,9823.909946786276,9586.431226765799,123.78
2026-01-29 08:00:00,9785.814319266019,9549.256505576208,123.3
2026-01-29 09:00:00,9764.385528785873,9528.345724907062,123.03
2026-01-29 10:00:00,9764.385528785873,9542.286245353158,123.21
2026-01-29 11:00:00,9764.385528785873,9507.434944237919,122.76
2026-01-29 12:00:00,9764.385528785873,9514.405204460965,122.85
2026-01-29 13:00:00,9764.385528785873,9519.052044609665,122.91
2026-01-29 14:00:00,9764.385528785873,9322.33581164808,120.37
2026-01-29 15:00:00,9764.385528785873,9114.776951672862,117.69
2026-01-29 16:00:00,9764.385528785873,9213.135068153655,118.96
2026-01-29 17:00:00,9764.385528785873,9131.815365551425,117.91
2026-01-29 18:00:00,9764.385528785873,8966.852540272614,115.78
2026-01-29 19:00:00,9764.385528785873,9048.946716232962,116.84
2026-01-29 20:00:00,9764.385528785873,9057.465923172243,116.95
2026-01-29 21:00:00,9764.385528785873,9096.189591078066,117.45
2026-01-29 22:00:00,9764.385528785873,9106.25774473358,117.58
2026-01-29 23:00:00,9764.385528785873,9124.845105328377,117.82
2026-01-30 00:00:00,9764.385528785873,9110.130111524162,117.63
2026-01-30 01:00:00,9764.385528785873,8923.482032218091,115.22
2026-01-30 02:00:00,9764.385528785873,8838.289962825278,114.12
2026-01-30 03:00:00,9764.385528785873,8862.29863692689,114.43
2026-01-30 04:00:00,9764.385528785873,8951.363073110284,115.58
2026-01-30 05:00:00,9764.385528785873,8942.069392812888,115.46
2026-01-30 06:00:00,9764.385528785873,8818.15365551425,113.86
2026-01-30 07:00:00,9764.385528785873,8966.852540272614,115.78
2026-01-30 08:00:00,9764.385528785873,8936.648079306073,115.39
2026-01-30 09:00:00,9764.385528785873,8935.09913258984,115.37
2026-01-30 10:00:00,9764.385528785873,8977.695167286245,115.92
2026-01-30 11:00:00,9764.385528785873,9067.534076827757,117.08
2026-01-30 12:00:00,9764.385528785873,9004.801734820321,116.27
2026-01-30 13:00:00,9764.385528785873,8969.175960346964,115.81
2026-01-30 14:00:00,9764.385528785873,9011.771995043371,116.36
2026-01-30 15:00:00,9764.385528785873,9045.848822800495,116.8
2026-01-30 16:00:00,9764.385528785873,9072.180916976455,117.14
2026-01-30 17:00:00,9764.385528785873,9033.457249070632,116.64
2026-01-30 18:00:00,9764.385528785873,9146.530359355636,118.1
2026-01-30 19:00:00,9764.385528785873,9162.019826517968,118.3
2026-01-30 20:00:00,9764.385528785873,9062.112763320942,117.01
2026-01-30 21:00:00,9764.385528785873,9090.768277571251,117.38
2026-01-30 22:00:00,9764.385528785873,9092.317224287484,117.4
2026-01-30 23:00:00,9764.385528785873,9107.032218091697,117.59
2026-01-31 00:00:00,9764.385528785873,9103.93432465923,117.55
2026-01-31 01:00:00,9764.385528785873,9151.951672862453,118.17
2026-01-31 02:00:00,9764.385528785873,9162.794299876083,118.31
2026-01-31 03:00:00,9764.385528785873,9168.990086741016,118.39
2026-01-31 04:00:00,9764.385528785873,9172.862453531598,118.44
2026-01-31 05:00:00,9764.385528785873,9186.802973977696,118.62
2026-01-31 06:00:00,9764.385528785873,9180.607187112764,118.54
2026-01-31 07:00:00,9764.385528785873,9089.993804213136,117.37
2026-01-31 08:00:00,9764.385528785873,8954.46096654275,115.62
2026-01-31 09:00:00,9764.385528785873,9011.771995043371,116.36
2026-01-31 10:00:00,9764.385528785873,9044.299876084264,116.78
2026-01-31 11:00:00,9764.385528785873,8987.76332094176,116.05
2026-01-31 12:00:00,9764.385528785873,8921.158612143741,115.19
2026-01-31 13:00:00,9764.385528785873,8841.387856257745,114.16
2026-01-31 14:00:00,9764.385528785873,8452.602230483271,109.14
2026-01-31 15:00:00,9764.385528785873,8414.653035935564,108.65
2026-01-31 16:00:00,9764.385528785873,8231.102850061958,106.28
2026-01-31 17:00:00,9764.385528785873,8001.0842627013635,103.31
2026-01-31 18:00:00,9764.385528785873,7896.530359355637,101.96
2026-01-31 19:00:00,9764.385528785873,7882.589838909542,101.78
2026-01-31 20:00:00,9764.385528785873,7898.853779429987,101.99
2026-01-31 21:00:00,9764.385528785873,8015.024783147459,103.49
2026-01-31 22:00:00,9764.385528785873,8063.816604708798,104.12
2026-01-31 23:00:00,9764.385528785873,8176.889714993804,105.58
2026-02-01 00:00:00,9764.385528785873,8183.859975216853,105.67
2026-02-01 01:00:00,9764.385528785873,8131.195786864931,104.99
2026-02-01 02:00:00,9764.385528785873,8175.340768277571,105.56
2026-02-01 03:00:00,9764.385528785873,8129.646840148699,104.97
2026-02-01 04:00:00,9764.385528785873,8147.459727385378,105.2
2026-02-01 05:00:00,9764.385528785873,8107.961586121437,104.69
2026-02-01 06:00:00,9764.385528785873,8137.391573729863,105.07
2026-02-01 07:00:00,9764.385528785873,8147.459727385378,105.2
2026-02-01 08:00:00,9764.385528785873,8172.242874845105,105.52
2026-02-01 09:00:00,9764.385528785873,8193.15365551425,105.79
2026-02-01 10:00:00,9764.385528785873,8035.161090458488,103.75
2026-02-01 11:00:00,9764.385528785873,8135.84262701363,105.05
2026-02-01 12:00:00,9764.385528785873,8135.84262701363,105.05
2026-02-01 13:00:00,9764.385528785873,8089.3742255266425,104.45
2026-02-01 14:00:00,9764.385528785873,7973.20322180917,102.95
2026-02-01 15:00:00,9764.385528785873,7875.619578686493,101.69
2026-02-01 16:00:00,9764.385528785873,7878.717472118959,101.73
2026-02-01 17:00:00,9764.385528785873,7933.705080545229,102.44
2026-02-01 18:00:00,9764.385528785873,8011.926889714994,103.45
2026-02-01 19:00:00,9764.385528785873,7894.981412639405,101.94
2026-02-01 20:00:00,9764.385528785873,7867.874845105328,101.59
2026-02-01 21:00:00,9764.385528785873,7810.563816604707,100.85
2026-02-01 22:00:00,9764.385528785873,7884.138785625774,101.8
2026-02-01 23:00:00,9764.385528785873,7805.91697645601,100.79
2026-02-02 00:00:00,9764.385528785873,7921.313506815365,102.28
2026-02-02 01:00:00,9764.385528785873,7906.598513011153,102.09
2026-02-02 02:00:00,9764.385528785873,7802.8190830235435,100.75
2026-02-02 03:00:00,9764.385528785873,7750.154894671623,100.07
2026-02-02 04:00:00,9764.385528785873,7768.742255266418,100.31
2026-02-02 05:00:00,9764.385528785873,7613.073110285006,98.3
2026-02-02 06:00:00,9764.385528785873,7800.4956629491935,100.72
2026-02-02 07:00:00,9764.385528785873,7855.483271375465,101.43
2026-02-02 08:00:00,9764.385528785873,7876.394052044609,101.7
2026-02-02 09:00:00,9764.385528785873,7960.811648079307,102.79
2026-02-02 10:00:00,9764.385528785873,7967.781908302354,102.88
2026-02-02 11:00:00,9764.385528785873,7960.037174721189,102.78
2026-02-02 12:00:00,9764.385528785873,8000.309789343246,103.3
2026-02-02 13:00:00,9764.385528785873,8002.633209417596,103.33
2026-02-02 14:00:00,9764.385528785873,8052.199504337051,103.97
2026-02-02 15:00:00,9764.385528785873,8108.736059479555,104.7
2026-02-02 16:00:00,9764.385528785873,8131.970260223048,105.0
2026-02-02 17:00:00,9764.385528785873,8117.255266418834,104.81
2026-02-02 18:00:00,9764.385528785873,8110.285006195786,104.72
2026-02-02 19:00:00,9764.385528785873,8046.003717472119,103.89
2026-02-02 20:00:00,9764.385528785873,8042.131350681536,103.84
2026-02-02 21:00:00,9764.385528785873,8119.578686493185,104.84
2026-02-02 22:00:00,9764.385528785873,8133.519206939281,105.02
2026-02-02 23:00:00,9764.385528785873,8097.118959107806,104.55
2026-02-03 00:00:00,9764.385528785873,8068.463444857498,104.18
2026-02-03 01:00:00,9764.385528785873,8084.7273853779425,104.39
2026-02-03 02:00:00,9764.385528785873,7933.705080545229,102.44
2026-02-03 03:00:00,9764.385528785873,8066.914498141264,104.16
2026-02-03 04:00:00,9764.385528785873,8107.187112763321,104.68
2026-02-03 05:00:00,9764.385528785873,8032.837670384139,103.72
2026-02-03 06:00:00,9764.385528785873,8052.973977695167,103.98
2026-02-03 07:00:00,9764.385528785873,8108.736059479555,104.7
2026-02-03 08:00:00,9764.385528785873,8063.042131350681,104.11
2026-02-03 09:00:00,9764.385528785873,7988.6926889715,103.15
2026-02-03 10:00:00,9764.385528785873,7969.3308550185875,102.9
2026-02-03 11:00:00,9764.385528785873,7977.850061957868,103.01
2026-02-03 12:00:00,9764.385528785873,7987.143742255266,103.13
2026-02-03 13:00:00,9764.385528785873,8009.603469640644,103.42
2026-02-03 14:00:00,9764.385528785873,7811.338289962825,100.86
2026-02-03 15:00:00,9764.385528785873,7942.998760842626,102.56
2026-02-03 16:00:00,9764.385528785873,7801.270136307311,100.73
2026-02-03 17:00:00,9764.385528785873,7675.805452292441,99.11
2026-02-03 18:00:00,9764.385528785873,7500.0,96.84
2026-02-03 19:00:00,9764.385528785873,7668.835192069392,99.02
2026-02-03 20:00:00,9764.385528785873,7833.023543990086,101.14
2026-02-03 21:00:00,9764.385528785873,7760.223048327137,100.2
2026-02-03 22:00:00,9764.385528785873,7627.013630731103,98.48
2026-02-03 23:00:00,9764.385528785873,7581.319702602231,97.89
2026-02-04 00:00:00,9764.385528785873,7589.064436183395,97.99
2026-02-04 01:00:00,9764.385528785873,7676.579925650557,99.12
2026-02-04 02:00:00,9764.385528785873,7584.417596034697,97.93
2026-02-04 03:00:00,9764.385528785873,7677.354399008674,99.13
2026-02-04 04:00:00,9764.385528785873,7596.8091697645605,98.09
2026-02-04 05:00:00,9764.385528785873,7513.940520446096,97.02
2026-02-04 06:00:00,9764.385528785873,7609.2007434944235,98.25
2026-02-04 07:00:00,9764.385528785873,7582.094175960347,97.9
2026-02-04 08:00:00,9764.385528785873,7568.928128872367,97.73
2026-02-04 09:00:00,9764.385528785873,7523.234200743494,97.14
2026-02-04 10:00:00,9764.385528785873,7514.714993804214,97.03
2026-02-04 11:00:00,9764.385528785873,7443.463444857496,96.11
2026-02-04 12:00:00,9764.385528785873,7471.344485749691,96.47
2026-02-04 13:00:00,9764.385528785873,7310.254027261462,94.39
2026-02-04 14:00:00,9764.385528785873,7212.670384138785,93.13
2026-02-04 15:00:00,9764.385528785873,7186.338289962826,92.79
2026-02-04 16:00:00,9764.385528785873,7122.831474597273,91.97
2026-02-04 17:00:00,9764.385528785873,7081.784386617101,91.44
2026-02-04 18:00:00,9764.385528785873,7148.3890954151175,92.3
2026-02-04 19:00:00,9764.385528785873,7309.479553903345,94.38
2026-02-04 20:00:00,9764.385528785873,7221.189591078067,93.24
2026-02-04 21:00:00,9764.385528785873,7072.4907063197015,91.32
2026-02-04 22:00:00,9764.385528785873,7033.767038413877,90.82
2026-02-04 23:00:00,9764.385528785873,7134.448574969021,92.12
2026-02-05 00:00:00,9764.385528785873,7105.018587360594,91.74
2026-02-05 01:00:00,9764.385528785873,7120.508054522924,91.94
2026-02-05 02:00:00,9764.385528785873,7042.28624535316,90.93
2026-02-05 03:00:00,9764.385528785873,7059.324659231723,91.15
2026-02-05 04:00:00,9764.385528785873,7057.775712515489,91.13
2026-02-05 05:00:00,9764.385528785873,7060.873605947955,91.17
2026-02-05 06:00:00,9764.385528785873,6986.524163568773,90.21
2026-02-05 07:00:00,9764.385528785873,7012.081784386618,90.54
2026-02-05 08:00:00,9764.385528785873,7107.342007434943,91.77
2026-02-05 09:00:00,9764.385528785873,7163.878562577447,92.5
2026-02-05 10:00:00,9764.385528785873,6994.268897149937,90.31
2026-02-05 11:00:00,9764.385528785873,6968.711276332095,89.98
2026-02-05 12:00:00,9764.385528785873,6933.859975216853,89.53
2026-02-05 13:00:00,9764.385528785873,6852.540272614622,88.48
2026-02-05 14:00:00,9764.385528785873,6861.8339529120185,88.6
2026-02-05 15:00:00,9764.385528785873,6552.8190830235435,84.61
2026-02-05 16:00:00,9764.385528785873,6625.619578686493,85.55
2026-02-05 17:00:00,9764.385528785873,6404.894671623296,82.7
2026-02-05 18:00:00,9764.385528785873,6425.030978934324,82.96
2026-02-05 19:00:00,9764.385528785873,6325.898389095416,81.68
2026-02-05 20:00:00,9764.385528785873,6105.947955390335,78.84
2026-02-05 21:00:00,9764.385528785873,6118.339529120198,79.0
2026-02-05 22:00:00,9764.385528785873,6181.071871127633,79.81
2026-02-05 23:00:00,9764.385528785873,6067.998760842626,78.35
2026-02-06 00:00:00,9764.385528785873,5848.048327137547,75.51
2026-02-06 01:00:00,9764.385528785873,6164.807930607187,79.6
2026-02-06 02:00:00,9764.385528785873,5959.5724907063195,76.95
2026-02-06 03:00:00,9764.385528785873,5940.985130111523,76.71
2026-02-06 04:00:00,9764.385528785873,6022.304832713755,77.76
2026-02-06 05:00:00,9764.385528785873,6284.851301115242,81.15
2026-02-06 06:00:00,9764.385528785873,6157.063197026023,79.5
2026-02-06 07:00:00,9764.385528785873,6164.033457249071,79.59
2026-02-06 08:00:00,9764.385528785873,6123.760842627013,79.07
2026-02-06 09:00:00,9764.385528785873,6299.566294919456,81.34
2026-02-06 10:00:00,9764.385528785873,6258.5192069392815,80.81
2026-02-06 11:00:00,9764.385528785873,6301.115241635687,81.36
2026-02-06 12:00:00,9764.385528785873,6342.162329615861,81.89
2026-02-06 13:00:00,9764.385528785873,6436.648079306072,83.11
2026-02-06 14:00:00,9764.385528785873,6519.516728624536,84.18
2026-02-06 15:00:00,9764.385528785873,6543.525402726146,84.49
2026-02-06 16:00:00,9764.385528785873,6717.781908302354,86.74
2026-02-06 17:00:00,9764.385528785873,6717.0074349442375,86.73
2026-02-06 18:00:00,9764.385528785873,6673.636926889714,86.17
2026-02-06 19:00:00,9764.385528785873,6744.888475836431,87.09
2026-02-06 20:00:00,9764.385528785873,6731.722428748451,86.92
2026-02-06 21:00:00,9764.385528785873,6820.0123915737295,88.06
2026-02-06 22:00:00,9764.385528785873,6905.978934324659,89.17
2026-02-06 23:00:00,9764.385528785873,6773.54399008674,87.46
2026-02-07 00:00:00,9764.385528785873,6704.615861214374,86.57
2026-02-07 01:00:00,9764.385528785873,6747.986369268897,87.13
2026-02-07 02:00:00,9764.385528785873,6765.024783147459,87.35
2026-02-07 03:00:00,9764.385528785873,6823.110285006195,88.1
2026-02-07 04:00:00,9764.385528785873,6794.454770755886,87.73
2026-02-07 05:00:00,9764.385528785873,6800.650557620817,87.81
2026-02-07 06:00:00,9764.385528785873,6679.832713754647,86.25
2026-02-07 07:00:00,9764.385528785873,6605.483271375465,85.29
2026-02-07 08:00:00,9764.385528785873,6610.90458488228,85.36
2026-02-07 09:00:00,9764.385528785873,6601.610904584882,85.24
2026-02-07 10:00:00,9764.385528785873,6583.023543990086,85.0
2026-02-07 11:00:00,9764.385528785873,6576.053283767038,84.91
2026-02-07 12:00:00,9764.385528785873,6677.509293680298,86.22
2026-02-07 13:00:00,9764.385528785873,6670.539033457249,86.13
2026-02-07 14:00:00,9764.385528785873,6642.657992565055,85.77
2026-02-07 15:00:00,9764.385528785873,6704.615861214374,86.57
2026-02-07 16:00:00,9764.385528785873,6741.790582403964,87.05
2026-02-07 17:00:00,9764.385528785873,6788.258983890954,87.65
2026-02-07 18:00:00,9764.385528785873,6870.3531598513,88.71
2026-02-07 19:00:00,9764.385528785873,6838.599752168525,88.3
2026-02-07 20:00:00,9831.840513752571,6885.84262701363,88.91
2026-02-07 21:00:00,9754.433153954722,6831.629491945477,88.21
2026-02-07 22:00:00,9761.068070508823,6836.276332094176,88.27
2026-02-07 23:00:00,9685.872349562342,6783.612143742254,87.59
2026-02-08 00:00:00,9659.332683345936,6765.024783147459,87.35
2026-02-08 01:00:00,9719.046932332849,6806.84634448575,87.89
2026-02-08 02:00:00,9650.486127940467,6758.828996282527,87.27
2026-02-08 03:00:00,9600.724253784707,6723.977695167286,86.82
2026-02-08 04:00:00,9665.967599900037,6769.671623296158,87.41
2026-02-08 05:00:00,9652.697766791836,6760.377942998761,87.29
2026-02-08 06:00:00,9639.427933683633,6751.0842627013635,87.17
2026-02-08 07:00:00,9667.073419325723,6770.446096654275,87.42
2026-02-08 08:00:00,9803.089208684802,6865.706319702603,88.65
2026-02-08 09:00:00,9688.083988413711,6785.161090458488,87.61
2026-02-08 10:00:00,9607.35917033881,6728.624535315985,86.88
2026-02-08 11:00:00,9758.85643165746,6834.7273853779425,88.25
2026-02-08 12:00:00,9750.00987625199,6828.531598513011,88.17
2026-02-08 13:00:00,9795.348472705016,6860.285006195786,88.58
2026-02-08 14:00:00,9778.761181319764,6848.66790582404,88.43
2026-02-08 15:00:00,9705.777099224648,6797.552664188351,87.77
2026-02-08 16:00:00,9534.375088243694,6677.509293680298,86.22
2026-02-08 17:00:00,9616.205725744278,6734.820322180916,86.96
2026-02-08 18:00:00,9714.623654630115,6803.748451053283,87.85
2026-02-08 19:00:00,9776.549542468394,6847.118959107806,88.41
2026-02-08 20:00:00,9609.570809190178,6730.173482032218,86.9
2026-02-08 21:00:00,9576.396226419669,6706.939281288723,86.6
2026-02-08 22:00:00,9635.004655980898,6747.986369268897,87.13
2026-02-08 23:00:00,9619.52318402133,6737.143742255266,86.99
2026-02-09 00:00:00,9628.369739426798,6743.339529120197,87.07
2026-02-09 01:00:00,9556.491476757366,6692.998760842626,86.42
2026-02-09 02:00:00,9621.734822872697,6738.6926889715,87.01
2026-02-09 03:00:00,9694.71890496781,6789.807930607187,87.67
2026-02-09 04:00:00,9633.898836555214,6747.211895910781,87.12
2026-02-09 05:00:00,9649.380308514785,6758.054522924412,87.26
2026-02-09 06:00:00,9559.808935034416,6695.322180916976,86.45
2026-02-09 07:00:00,9454.756089594477,6621.747211895911,85.5
2026-02-09 08:00:00,9354.126521857273,6551.270136307311,84.59
2026-02-09 09:00:00,9325.3752167895,6531.133828996281,84.33
2026-02-09 10:00:00,9203.735079964308,6445.94175960347,83.23
2026-02-09 11:00:00,9230.274746180714,6464.5291201982645,83.47
2026-02-09 12:00:00,9295.518092296046,6510.223048327137,84.06
2026-02-09 13:00:00,9263.449328951223,6487.76332094176,83.77
2026-02-09 14:00:00,9263.449328951223,6579.9256505576195,84.96
2026-02-09 15:00:00,9263.449328951223,6604.708798017348,85.28
2026-02-09 16:00:00,9263.449328951223,6668.990086741016,86.11
2026-02-09 17:00:00,9263.449328951223,6799.101610904586,87.79
2026-02-09 18:00:00,9263.449328951223,6777.416356877324,87.51
2026-02-09 19:00:00,9263.449328951223,6813.042131350681,87.97
2026-02-09 20:00:00,9263.449328951223,6796.778190830236,87.76
2026-02-09 21:00:00,9263.449328951223,6764.250309789343,87.34
2026-02-09 22:00:00,9263.449328951223,6747.211895910781,87.12
2026-02-09 23:00:00,9263.449328951223,6720.105328376703,86.77
2026-02-10 00:00:00,9263.449328951223,6691.449814126395,86.4
2026-02-10 01:00:00,9263.449328951223,6760.377942998761,87.29
2026-02-10 02:00:00,9263.449328951223,6711.586121437422,86.66
2026-02-10 03:00:00,9263.449328951223,6650.402726146221,85.87
2026-02-10 04:00:00,9263.449328951223,6703.06691449814,86.55
2026-02-10 05:00:00,9263.449328951223,6656.598513011153,85.95
2026-02-10 06:00:00,9263.449328951223,6552.044609665427,84.6
2026-02-10 07:00:00,9263.449328951223,6554.368029739777,84.63
2026-02-10 08:00:00,9263.449328951223,6556.691449814126,84.66
2026-02-10 09:00:00,9263.449328951223,6548.946716232962,84.56
2026-02-10 10:00:00,9263.449328951223,6522.614622057002,84.22
2026-02-10 11:00:00,9263.449328951223,6493.959107806691,83.85
2026-02-10 12:00:00,9263.449328951223,6502.478314745972,83.96
2026-02-10 13:00:00,9263.449328951223,6556.691449814126,84.66
2026-02-10 14:00:00,9263.449328951223,6483.890954151177,83.72
2026-02-10 15:00:00,9263.449328951223,6528.810408921932,84.3
2026-02-10 16:00:00,9263.449328951223,6541.201982651796,84.46
2026-02-10 17:00:00,9263.449328951223,6575.278810408922,84.9
2026-02-10 18:00:00,9263.449328951223,6423.48203221809,82.94
2026-02-10 19:00:00,9263.449328951223,6434.324659231722,83.08
2026-02-10 20:00:00,9263.449328951223,6399.47335811648,82.63
2026-02-10 21:00:00,9263.449328951223,6386.3073110284995,82.46
2026-02-10 22:00:00,9263.449328951223,6397.14993804213,82.6
2026-02-10 23:00:00,9263.449328951223,6427.354399008674,82.99
2026-02-11 00:00:00,9263.449328951223,6464.5291201982645,83.47
2026-02-11 01:00:00,9263.449328951223,6487.76332094176,83.77
2026-02-11 02:00:00,9263.449328951223,6469.95043370508,83.54
2026-02-11 03:00:00,9263.449328951223,6454.460966542751,83.34
2026-02-11 04:00:00,9263.449328951223,6349.13258983891,81.98
2026-02-11 05:00:00,9263.449328951223,6342.162329615861,81.89
2026-02-11 06:00:00,9263.449328951223,6263.166047087981,80.87
2026-02-11 07:00:00,9263.449328951223,6273.234200743494,81.0
2026-02-11 08:00:00,9263.449328951223,6280.204460966543,81.09
2026-02-11 09:00:00,9263.449328951223,6257.744733581164,80.8
2026-02-11 10:00:00,9263.449328951223,6249.225526641882,80.69
2026-02-11 11:00:00,9263.449328951223,6293.370508054523,81.26
2026-02-11 12:00:00,9263.449328951223,6287.174721189591,81.18
2026-02-11 13:00:00,9263.449328951223,6322.800495662949,81.64
2026-02-11 14:00:00,9263.449328951223,6191.914498141265,79.95
2026-02-11 15:00:00,9263.449328951223,6174.101610904584,79.72
2026-02-11 16:00:00,9263.449328951223,6098.203221809169,78.74
2026-02-11 17:00:00,9263.449328951223,6119.114002478315,79.01
2026-02-11 18:00:00,9263.449328951223,6181.071871127633,79.81
2026-02-11 19:00:00,9263.449328951223,6174.101610904584,79.72
2026-02-11 20:00:00,9263.449328951223,6167.905824039653,79.64
2026-02-11 21:00:00,9263.449328951223,6208.17843866171,80.16
2026-02-11 22:00:00,9263.449328951223,6157.063197026023,79.5
2026-02-11 23:00:00,9263.449328951223,6141.573729863692,79.3
2026-02-12 00:00:00,9263.449328951223,6193.463444857496,79.97
2026-02-12 01:00:00,9263.449328951223,6227.540272614621,80.41
2026-02-12 02:00:00,9263.449328951223,6221.344485749691,80.33
2026-02-12 03:00:00,9263.449328951223,6243.804213135068,80.62
2026-02-12 04:00:00,9263.449328951223,6219.795539033457,80.31
2026-02-12 05:00:00,9263.449328951223,6239.931846344485,80.57
2026-02-12 06:00:00,9263.449328951223,6239.931846344485,80.57
2026-02-12 07:00:00,9263.449328951223,6255.421313506815,80.77
2026-02-12 08:00:00,9263.449328951223,6255.421313506815,80.77
2026-02-12 09:00:00,9263.449328951223,6334.417596034697,81.79
2026-02-12 10:00:00,9263.449328951223,6365.396530359355,82.19
2026-02-12 11:00:00,9263.449328951223,6340.613382899628,81.87
2026-02-12 12:00:00,9263.449328951223,6280.978934324658,81.1
2026-02-12 13:00:00,9263.449328951223,6347.583643122676,81.96
2026-02-12 14:00:00,9263.449328951223,6284.076827757124,81.14
2026-02-12 15:00:00,9263.449328951223,6205.080545229244,80.12
2026-02-12 16:00:00,9263.449328951223,6064.126394052044,78.3
2026-02-12 17:00:00,9263.449328951223,6033.147459727386,77.9
2026-02-12 18:00:00,9263.449328951223,6010.687732342007,77.61
2026-02-12 19:00:00,9263.449328951223,6011.462205700124,77.62
2026-02-12 20:00:00,9263.449328951223,5957.24907063197,76.92
2026-02-12 21:00:00,9263.449328951223,5989.776951672863,77.34
2026-02-12 22:00:00,9263.449328951223,6048.636926889714,78.1
2026-02-12 23:00:00,9263.449328951223,6071.87112763321,78.4
2026-02-13 00:00:00,9263.449328951223,6042.441140024783,78.02
2026-02-13 01:00:00,9263.449328951223,6087.360594795539,78.6
2026-02-13 02:00:00,9263.449328951223,6128.407682775712,79.13
2026-02-13 03:00:00,9263.449328951223,6122.211895910781,79.05
2026-02-13 04:00:00,9263.449328951223,6081.164807930607,78.52
2026-02-13 05:00:00,9263.449328951223,6063.351920693928,78.29
2026-02-13 06:00:00,9263.449328951223,6088.909541511773,78.62
2026-02-13 07:00:00,9263.449328951223,6117.565055762081,78.99
2026-02-13 08:00:00,9263.449328951223,6174.876084262702,79.73
2026-02-13 09:00:00,9263.449328951223,6186.493184634448,79.88
2026-02-13 10:00:00,9263.449328951223,6223.66790582404,80.36
2026-02-13 11:00:00,9263.449328951223,6219.795539033457,80.31
2026-02-13 12:00:00,9263.449328951223,6193.463444857496,79.97
2026-02-13 13:00:00,9263.449328951223,6218.246592317225,80.29
2026-02-13 14:00:00,9263.449328951223,6298.791821561338,81.33
2026-02-13 15:00:00,9263.449328951223,6443.61833952912,83.2
2026-02-13 16:00:00,9263.449328951223,6522.614622057002,84.22
2026-02-13 17:00:00,9263.449328951223,6531.908302354399,84.34
2026-02-13 18:00:00,9263.449328951223,6614.002478314746,85.4
2026-02-13 19:00:00,9263.449328951223,6556.691449814126,84.66
2026-02-13 20:00:00,9263.449328951223,6565.210656753407,84.77
2026-02-13 21:00:00,9273.28429933704,6572.180916976456,84.86
2026-02-13 22:00:00,9251.428809590781,6556.691449814126,84.66
2026-02-13 23:00:00,9215.367251509457,6531.133828996281,84.33
2026-02-14 00:00:00,9285.30481869748,6580.700123915737,84.97
2026-02-14 01:00:00,9287.490367672106,6582.2490706319695,84.99
2026-02-14 02:00:00,9276.562622798978,6574.504337050805,84.89
2026-02-14 03:00:00,9295.139789083296,6587.670384138785,85.06
2026-02-14 04:00:00,9270.0059758751,6569.8574969021065,84.83
2026-02-14 05:00:00,9248.150486128841,6554.368029739777,84.63
2026-02-14 06:00:00,9273.28429933704,6572.180916976456,84.86
2026-02-14 07:00:00,9309.345857418364,6597.7385377943,85.19
2026-02-14 08:00:00,9421.901629611591,6677.509293680298,86.22
2026-02-14 09:00:00,9400.046139865333,6662.019826517968,86.02
2026-02-14 10:00:00,9379.28342460639,6647.304832713754,85.83
2026-02-14 11:00:00,9538.828499754069,6760.377942998761,87.29
2026-02-14 12:00:00,9443.757119357848,6692.998760842626,86.42
2026-02-14 13:00:00,9445.942668332473,6694.54770755886,86.44
2026-02-14 14:00:00,9533.364627317504,6756.505576208178,87.24
2026-02-14 15:00:00,9555.22011706376,6771.995043370508,87.44
2026-02-14 16:00:00,9629.528782201036,6824.659231722429,88.12
2026-02-14 17:00:00,9621.879360789846,6819.237918215613,88.05
2026-02-14 18:00:00,9617.508262840594,6816.140024783147,88.01
2026-02-14 19:00:00,9638.27097809954,6830.855018587361,88.2
2026-02-14 20:00:00,9634.992654637601,6828.531598513011,88.17
2026-02-14 21:00:00,9624.064909764471,6820.786864931846,88.07
2026-02-14 22:00:00,9671.054212718926,6854.089219330855,88.5
2026-02-14 23:00:00,9622.97213527716,6820.0123915737295,88.06
2026-02-15 00:00:00,9637.178203612228,6830.080545229243,88.19
2026-02-15 01:00:00,9648.105948485358,6837.825278810409,88.29
2026-02-15 02:00:00,9616.415488353283,6815.365551425031,88.0
2026-02-15 03:00:00,9683.074732079369,6862.608426270136,88.61
2026-02-15 04:00:00,9702.744672851002,6876.548946716233,88.79
2026-02-15 05:00:00,9800.001602221846,6945.477075588599,89.68
2026-02-15 06:00:00,9791.259406323341,6939.281288723668,89.6
2026-02-15 07:00:00,9915.83569787701,7027.571251548947,90.74
2026-02-15 08:00:00,9798.908827734533,6944.7026022304835,89.67
2026-02-15 09:00:00,9834.970385815857,6970.260223048327,90.0
2026-02-15 10:00:00,9783.609984912153,6933.859975216853,89.53
2026-02-15 11:00:00,9744.27010336889,6905.978934324659,89.17
2026-02-15 12:00:00,9541.014048728695,6761.926889714994,87.31
2026-02-15 13:00:00,9502.766941672744,6734.820322180916,86.96
2026-02-15 14:00:00,9545.385146677945,6765.024783147459,87.35
2026-02-15 15:00:00,9553.034568089137,6770.446096654275,87.42
2026-02-15 16:00:00,9569.42618539883,6782.063197026021,87.57
2026-02-15 17:00:00,9443.757119357851,6692.998760842626,86.42
2026-02-15 18:00:00,9420.80885512428,6676.73482032218,86.21
2026-02-15 19:00:00,9325.737474728061,6609.355638166046,85.34
2026-02-15 20:00:00,9384.747297042955,6651.177199504336,85.88
2026-02-15 21:00:00,9417.530531662342,6674.411400247832,86.18
2026-02-15 22:00:00,9437.200472433975,6688.351920693928,86.36
2026-02-15 23:00:00,9415.344982687717,6672.8624535315985,86.16
2026-02-16 00:00:00,9417.530531662343,6674.411400247832,86.18
2026-02-16 01:00:00,9372.726777682514,6642.657992565055,85.77
2026-02-16 02:00:00,9331.201347164626,6613.22800495663,85.39
2026-02-16 03:00:00,9303.881984981805,6593.866171003717,85.14
2026-02-16 04:00:00,9374.91232665714,6644.206939281288,85.79
2026-02-16 05:00:00,9255.799907540038,6559.789343246593,84.7
2026-02-16 06:00:00,9295.139789083301,6587.670384138785,85.06
2026-02-16 07:00:00,9295.139789083301,6587.670384138785,85.06
2026-02-16 08:00:00,9331.201347164628,6613.22800495663,85.39
2026-02-16 09:00:00,9398.953365378027,6661.245353159851,86.01
2026-02-16 10:00:00,9370.54122870789,6641.109045848823,85.75
2026-02-16 11:00:00,9345.407415499694,6623.296158612143,85.52
2026-02-16 12:00:00,9419.716080636972,6675.960346964065,86.2
2026-02-16 13:00:00,9197.88285971246,6518.742255266418,84.17
2026-02-16 14:00:00,9197.88285971246,6509.44857496902,84.05
2026-02-16 15:00:00,9197.88285971246,6444.392812887237,83.21
2026-02-16 16:00:00,9197.88285971246,6505.576208178439,84.0
2026-02-16 17:00:00,9197.88285971246,6546.623296158612,84.53
2026-02-16 18:00:00,9197.88285971246,6545.848822800495,84.52
2026-02-16 19:00:00,9197.88285971246,6552.8190830235435,84.61
2026-02-16 20:00:00,9197.88285971246,6611.679058240396,85.37
2026-02-16 21:00:00,9197.88285971246,6662.019826517968,86.02
2026-02-16 22:00:00,9197.88285971246,6638.7856257744725,85.72
2026-02-16 23:00:00,9197.88285971246,6695.322180916976,86.45
2026-02-17 00:00:00,9197.88285971246,6707.71375464684,86.61
2026-02-17 01:00:00,9197.88285971246,6675.185873605948,86.19
2026-02-17 02:00:00,9197.88285971246,6761.926889714994,87.31
2026-02-17 03:00:00,9197.88285971246,6689.126394052045,86.37
2026-02-17 04:00:00,9197.88285971246,6689.126394052045,86.37
2026-02-17 05:00:00,9197.88285971246,6677.509293680298,86.22
2026-02-17 06:00:00,9197.88285971246,6699.194547707559,86.5
2026-02-17 07:00:00,9197.88285971246,6698.420074349441,86.49
2026-02-17 08:00:00,9197.88285971246,6658.147459727385,85.97
2026-02-17 09:00:00,9197.88285971246,6656.598513011153,85.95
2026-02-17 10:00:00,9197.88285971246,6586.895910780669,85.05
2026-02-17 11:00:00,9197.88285971246,6590.768277571251,85.1
2026-02-17 12:00:00,9197.88285971246,6554.368029739777,84.63
2026-02-17 13:00:00,9197.88285971246,6583.023543990086,85.0
2026-02-17 14:00:00,9197.88285971246,6448.265179677819,83.26
2026-02-17 15:00:00,9197.88285971246,6490.861214374225,83.81
2026-02-17 16:00:00,9197.88285971246,6520.291201982651,84.19
2026-02-17 17:00:00,9197.88285971246,6483.11648079306,83.71
2026-02-17 18:00:00,9197.88285971246,6591.542750929368,85.11
2026-02-17 19:00:00,9197.88285971246,6572.955390334573,84.87
2026-02-17 20:00:00,9197.88285971246,6583.023543990086,85.0
2026-02-17 21:00:00,9197.88285971246,6600.061957868649,85.22
2026-02-17 22:00:00,9197.88285971246,6586.895910780669,85.05
2026-02-17 23:00:00,9197.88285971246,6589.219330855019,85.08
2026-02-18 00:00:00,9197.88285971246,6572.955390334573,84.87
2026-02-18 01:00:00,9197.88285971246,6524.938042131351,84.25
2026-02-18 02:00:00,9197.88285971246,6556.691449814126,84.66
2026-02-18 03:00:00,9197.88285971246,6608.581164807931,85.33
2026-02-18 04:00:00,9197.88285971246,6593.866171003717,85.14
2026-02-18 05:00:00,9197.88285971246,6575.278810408922,84.9
2026-02-18 06:00:00,9197.88285971246,6576.827757125155,84.92
2026-02-18 07:00:00,9197.88285971246,6604.708798017348,85.28
2026-02-18 08:00:00,9197.88285971246,6619.423791821561,85.47
2026-02-18 09:00:00,9197.88285971246,6607.806691449813,85.32
2026-02-18 10:00:00,9197.88285971246,6525.712515489467,84.26
2026-02-18 11:00:00,9197.88285971246,6417.28624535316,82.86
2026-02-18 12:00:00,9197.88285971246,6427.354399008674,82.99
2026-02-18 13:00:00,9197.88285971246,6399.47335811648,82.63
2026-02-18 14:00:00,9197.88285971246,6394.052044609665,82.56
2026-02-18 15:00:00,9197.88285971246,6428.903345724907,83.01
2026-02-18 16:00:00,9197.88285971246,6373.9157372986365,82.3
2026-02-18 17:00:00,9197.88285971246,6365.396530359355,82.19
2026-02-18 18:00:00,9197.88285971246,6294.919454770756,81.28
2026-02-18 19:00:00,9197.88285971246,6267.812887236679,80.93
2026-02-18 20:00:00,9197.88285971246,6298.0173482032205,81.32
2026-02-18 21:00:00,9197.88285971246,6294.919454770756,81.28
2026-02-18 22:00:00,9197.88285971246,6308.859975216852,81.46
2026-02-18 23:00:00,9197.88285971246,6320.477075588599,81.61
2026-02-19 00:00:00,9197.88285971246,6311.957868649319,81.5
2026-02-19 01:00:00,9197.88285971246,6342.162329615861,81.89
2026-02-19 02:00:00,9197.88285971246,6325.123915737298,81.67
2026-02-19 03:00:00,9197.88285971246,6332.868649318462,81.77
2026-02-19 04:00:00,9197.88285971246,6311.183395291201,81.49
2026-02-19 05:00:00,9197.88285971246,6342.936802973977,81.9
2026-02-19 06:00:00,9197.88285971246,6378.562577447336,82.36
2026-02-19 07:00:00,9197.88285971246,6382.434944237918,82.41
2026-02-19 08:00:00,9197.88285971246,6329.7707558859975,81.73
2026-02-19 09:00:00,9197.88285971246,6289.498141263939,81.21
2026-02-19 10:00:00,9197.88285971246,6314.281288723668,81.53
2026-02-19 11:00:00,9197.88285971246,6291.821561338289,81.24
2026-02-19 12:00:00,9197.88285971246,6256.970260223048,80.79
2026-02-19 13:00:00,9197.88285971246,6195.786864931846,80.0
2026-02-19 14:00:00,9197.88285971246,6256.195786864932,80.78
2026-02-19 15:00:00,9197.88285971246,6245.353159851301,80.64
2026-02-19 16:00:00,9197.88285971246,6256.970260223048,80.79
2026-02-19 17:00:00,9197.88285971246,6232.961586121437,80.48
2026-02-19 18:00:00,9197.88285971246,6349.13258983891,81.98
2026-02-19 19:00:00,9197.88285971246,6346.8091697645605,81.95
2026-02-19 20:00:00,9197.88285971246,6358.426270136307,82.1
2026-02-19 21:00:00,9197.88285971246,6356.102850061958,82.07
2026-02-19 22:00:00,9197.88285971246,6377.013630731103,82.34
2026-02-19 23:00:00,9197.88285971246,6389.405204460966,82.5
2026-02-20 00:00:00,9197.88285971246,6420.384138785626,82.9
2026-02-20 01:00:00,9197.88285971246,6430.45229244114,83.03
2026-02-20 02:00:00,9197.88285971246,6421.933085501859,82.92
2026-02-20 03:00:00,9197.88285971246,6431.226765799257,83.04
2026-02-20 04:00:00,9197.88285971246,6404.12019826518,82.69
2026-02-20 05:00:00,9197.88285971246,6449.039653035935,83.27
2026-02-20 06:00:00,9197.88285971246,6483.11648079306,83.71
2026-02-20 07:00:00,9197.88285971246,6463.754646840148,83.46
2026-02-20 08:00:00,9197.88285971246,6479.244114002478,83.66
2026-02-20 09:00:00,9197.88285971246,6520.291201982651,84.19
2026-02-20 10:00:00,9197.88285971246,6512.546468401487,84.09
2026-02-20 11:00:00,9197.88285971246,6473.048327137546,83.58
2026-02-20 12:00:00,9197.88285971246,6483.890954151177,83.72
2026-02-20 13:00:00,9197.88285971246,6365.396530359355,82.19
2026-02-20 14:00:00,9197.88285971246,6433.550185873605,83.07
2026-02-20 15:00:00,9197.88285971246,6535.006195786865,84.38
2026-02-20 16:00:00,9212.053572817018,6545.074349442379,84.51
2026-02-20 17:00:00,9209.873463108623,6543.525402726146,84.49
2026-02-20 18:00:00,9291.627577173382,6601.610904584882,85.24
2026-02-20 19:00:00,9238.21488931774,6563.661710037174,84.75
2026-02-20 20:00:00,9224.044176213181,6553.59355638166,84.62
2026-02-20 21:00:00,9216.413792233803,6548.172242874844,84.55
2026-02-20 22:00:00,9220.77401165059,6551.270136307311,84.59
2026-02-20 23:00:00,9229.494450484166,6557.4659231722435,84.67
2026-02-21 00:00:00,9203.333133983444,6538.878562577448,84.43
2026-02-21 01:00:00,9230.584505338364,6558.240396530359,84.68
2026-02-21 02:00:00,9245.845273297116,6569.083023543989,84.82
2026-02-21 03:00:00,9194.612695149868,6532.682775712515,84.35
2026-02-21 04:00:00,9200.062969420853,6536.555142503098,84.4
2026-02-21 05:00:00,9208.783408254427,6542.75092936803,84.48
2026-02-21 06:00:00,9169.541433503344,6514.869888475836,84.12
2026-02-21 07:00:00,9182.622091753703,6524.163568773233,84.24
2026-02-21 08:00:00,9236.034779609347,6562.112763320942,84.73
2026-02-21 09:00:00,9255.655766984888,6576.053283767038,84.91
2026-02-21 10:00:00,9281.817083485612,6594.640644361834,85.15
2026-02-21 11:00:00,9309.068454840532,6614.002478314746,85.4
2026-02-21 12:00:00,9300.348016006956,6607.806691449813,85.32
2026-02-21 13:00:00,9358.120923279384,6648.853779429987,85.85
2026-02-21 14:00:00,9407.17339171824,6683.705080545229,86.3
2026-02-21 15:00:00,9437.69492763575,6705.390334572491,86.58
2026-02-21 16:00:00,9388.642459196893,6670.539033457249,86.13
2026-02-21 17:00:00,9401.723117447254,6679.832713754647,86.25
2026-02-21 18:00:00,9435.514817927355,6703.841387856258,86.56
2026-02-21 19:00:00,9398.452952884663,6677.509293680298,86.22
2026-02-21 20:00:00,9317.788893674102,6620.198265179678,85.48
2026-02-21 21:00:00,9357.030868425187,6648.0793060718715,85.84
2026-02-21 22:00:00,9315.608783965708,6618.649318463445,85.46
2026-02-21 23:00:00,9283.997193194002,6596.189591078067,85.17
2026-02-22 00:00:00,9274.186699506232,6589.219330855019,85.08
2026-02-22 01:00:00,9300.348016006954,6607.806691449813,85.32
2026-02-22 02:00:00,9261.106041255869,6579.9256505576195,84.96
2026-02-22 03:00:00,9274.186699506232,6589.219330855019,85.08
2026-02-22 04:00:00,9283.997193194004,6596.189591078067,85.17
2026-02-22 05:00:00,9263.286150964264,6581.474597273854,84.98
2026-02-22 06:00:00,9299.25796115276,6607.032218091697,85.31
2026-02-22 07:00:00,9291.62757717338,6601.610904584882,85.24
2026-02-22 08:00:00,9262.196096110069,6580.700123915737,84.97
2026-02-22 09:00:00,9269.826480089447,6586.121437422553,85.04
2026-02-22 10:00:00,9288.35741261079,6599.287484510532,85.21
2026-02-22 11:00:00,9294.897741735971,6603.934324659231,85.27
2026-02-22 12:00:00,9207.693353400227,6541.976456009913,84.47
2026-02-22 13:00:00,9154.280665544586,6504.027261462206,83.98
2026-02-22 14:00:00,9119.398910210286,6479.244114002478,83.66
2026-02-22 15:00:00,9101.95803254314,6466.852540272614,83.5
2026-02-22 16:00:00,9110.678471376714,6473.048327137546,83.58
2026-02-22 17:00:00,9053.995618958481,6432.775712515489,83.06
2026-02-22 18:00:00,9071.436496625627,6445.167286245352,83.22
2026-02-22 19:00:00,9080.156935459201,6451.363073110285,83.3
2026-02-22 20:00:00,9050.72545439589,6430.45229244114,83.03
2026-02-22 21:00:00,9101.95803254314,6466.852540272614,83.5
2026-02-22 22:00:00,9109.588416522516,6472.2738537794285,83.57
2026-02-22 23:00:00,9024.564137895168,6411.864931846345,82.79
2026-02-23 00:00:00,9024.564137895168,6301.889714993805,81.37
2026-02-23 01:00:00,9024.564137895168,6039.343246592317,77.98
2026-02-23 02:00:00,9024.564137895168,6030.824039653036,77.87
2026-02-23 03:00:00,9024.564137895168,6014.56009913259,77.66
2026-02-23 04:00:00,9024.564137895168,5993.649318463445,77.39
2026-02-23 05:00:00,9024.564137895168,6029.275092936802,77.85
2026-02-23 06:00:00,9024.564137895168,6125.309789343246,79.09
2026-02-23 07:00:00,9024.564137895168,6149.318463444857,79.4
2026-02-23 08:00:00,9024.564137895168,6101.301115241635,78.78
2026-02-23 09:00:00,9024.564137895168,6231.412639405204,80.46
2026-02-23 10:00:00,9024.564137895168,6216.697645600991,80.27
2026-02-23 11:00:00,9024.564137895168,6199.659231722429,80.05
2026-02-23 12:00:00,9024.564137895168,6250.774473358116,80.71
2026-02-23 13:00:00,9024.564137895168,6237.608426270137,80.54
2026-02-23 14:00:00,9024.564137895168,6206.629491945477,80.14
2026-02-23 15:00:00,9024.564137895168,6149.318463444857,79.4
2026-02-23 16:00:00,9024.564137895168,6116.016109045849,78.97
2026-02-23 17:00:00,9024.564137895168,6064.9008674101615,78.31
2026-02-23 18:00:00,9024.564137895168,6088.909541511773,78.62
2026-02-23 19:00:00,9024.564137895168,6063.351920693928,78.29
2026-02-23 20:00:00,9024.564137895168,6064.9008674101615,78.31
2026-02-23 21:00:00,9024.564137895168,6070.322180916976,78.38
2026-02-23 22:00:00,9024.564137895168,6061.028500619578,78.26
2026-02-23 23:00:00,9024.564137895168,6033.147459727386,77.9
2026-02-24 00:00:00,9024.564137895168,6076.517967781908,78.46
2026-02-24 01:00:00,9024.564137895168,6015.334572490706,77.67
2026-02-24 02:00:00,9024.564137895168,6013.011152416357,77.64
2026-02-24 03:00:00,9024.564137895168,5953.376703841388,76.87
2026-02-24 04:00:00,9024.564137895168,5952.602230483271,76.86
2026-02-24 05:00:00,9024.564137895168,5935.563816604708,76.64
2026-02-24 06:00:00,9024.564137895168,5930.91697645601,76.58
2026-02-24 07:00:00,9024.564137895168,5951.053283767038,76.84
2026-02-24 08:00:00,9024.564137895168,5965.768277571252,77.03
2026-02-24 09:00:00,9024.564137895168,5936.338289962826,76.65
2026-02-24 10:00:00,9024.564137895168,5943.308550185873,76.74
2026-02-24 11:00:00,9024.564137895168,5945.631970260222,76.77
2026-02-24 12:00:00,9024.564137895168,5931.691449814126,76.59
2026-02-24 13:00:00,9024.564137895168,5928.59355638166,76.55
2026-02-24 14:00:00,9024.564137895168,5952.602230483271,76.86
2026-02-24 15:00:00,9024.564137895168,5986.679058240396,77.3
2026-02-24 16:00:00,9024.564137895168,6050.960346964064,78.13
2026-02-24 17:00:00,9024.564137895168,6039.343246592317,77.98
2026-02-24 18:00:00,9024.564137895168,6056.38166047088,78.2
2026-02-24 19:00:00,9024.564137895168,6070.322180916976,78.38
2026-02-24 20:00:00,9024.564137895168,6092.781908302354,78.67
2026-02-24 21:00:00,9024.564137895168,6083.488228004956,78.55
2026-02-24 22:00:00,9024.564137895168,6124.53531598513,79.08
2026-02-24 23:00:00,9024.564137895168,6117.565055762081,78.99
2026-02-25 00:00:00,9024.564137895168,6134.603469640644,79.21
2026-02-25 01:00:00,9024.564137895168,6350.681536555143,82.0
2026-02-25 02:00:00,9024.564137895168,6385.532837670385,82.45
2026-02-25 03:00:00,9024.564137895168,6331.319702602231,81.75
2026-02-25 04:00:00,9024.564137895168,6347.583643122676,81.96
2026-02-25 05:00:00,9024.564137895168,6296.468401486989,81.3
2026-02-25 06:00:00,9024.564137895168,6317.3791821561335,81.57
2026-02-25 07:00:00,9024.564137895168,6365.396530359355,82.19
2026-02-25 08:00:00,9024.564137895168,6387.856257744734,82.48
2026-02-25 09:00:00,9024.564137895168,6392.503097893433,82.54
2026-02-25 10:00:00,9024.564137895168,6393.277571251549,82.55
2026-02-25 11:00:00,9024.564137895168,6458.333333333334,83.39
2026-02-25 12:00:00,9055.948279878496,6480.793060718712,83.68
2026-02-25 13:00:00,9071.099244973893,6491.6356877323415,83.82
2026-02-25 14:00:00,9268.06179121408,6632.589838909542,85.64
2026-02-25 15:00:00,9304.85699216005,6658.921933085502,85.98
2026-02-25 16:00:00,9474.764243587024,6780.5142503097895,87.55
2026-02-25 17:00:00,9584.067634632403,6858.736059479555,88.56
2026-02-25 18:00:00,9625.191682748486,6888.166047087981,88.94
2026-02-25 19:00:00,9678.220060582382,6926.115241635687,89.43
2026-02-25 20:00:00,9673.891213412267,6923.017348203222,89.39
2026-02-25 21:00:00,9723.672955868578,6958.643122676579,89.85
2026-02-25 22:00:00,9642.507071428941,6900.557620817844,89.1
2026-02-25 23:00:00,9529.957045005978,6820.0123915737295,88.06
2026-02-26 00:00:00,9586.23205821746,6860.285006195786,88.58
2026-02-26 01:00:00,9568.916669537004,6847.893432465924,88.42
2026-02-26 02:00:00,9545.108010101378,6830.855018587361,88.2
2026-02-26 03:00:00,9518.052715288164,6811.493184634448,87.95
2026-02-26 04:00:00,9603.547446897914,6872.676579925649,88.74
2026-02-26 05:00:00,9497.490691230123,6796.778190830236,87.76
2026-02-26 06:00:00,9485.586361512309,6788.258983890954,87.65
2026-02-26 07:00:00,9441.21567801864,6756.505576208178,87.24
2026-02-26 08:00:00,9448.79116056634,6761.926889714994,87.31
2026-02-26 09:00:00,9558.094551611717,6840.148698884757,88.32
2026-02-26 10:00:00,9467.188761039324,6775.092936802975,87.48
2026-02-26 11:00:00,9395.762782732443,6723.977695167286,86.82
2026-02-26 12:00:00,9490.997420474952,6792.131350681536,87.7
2026-02-26 13:00:00,9482.339726134724,6785.935563816605,87.62
2026-02-26 14:00:00,9417.407018583013,6739.467162329615,87.02
2026-02-26 15:00:00,9367.625276126702,6703.841387856258,86.56
2026-02-26 16:00:00,9153.34734120606,6550.4956629491935,84.58
2026-02-26 17:00:00,9187.978118566973,6575.278810408922,84.9
2026-02-26 18:00:00,9239.924284608338,6612.453531598512,85.38
2026-02-26 19:00:00,9357.885369993945,6696.87112763321,86.47
2026-02-26 20:00:00,9310.268051122692,6662.794299876084,86.03
2026-02-26 21:00:00,9300.528144989934,6655.8240396530355,85.94
2026-02-26 22:00:00,9323.254592633035,6672.087980173482,86.15
2026-02-26 23:00:00,9297.28150961235,6653.500619578686,85.91
2026-02-27 00:00:00,9288.623815272122,6647.304832713754,85.83
2026-02-27 01:00:00,9323.254592633035,6672.087980173482,86.15
2026-02-27 02:00:00,9369.78969971176,6705.390334572491,86.58
2026-02-27 03:00:00,9483.421937927253,6786.71003717472,87.63
2026-02-27 04:00:00,9475.846455379555,6781.288723667905,87.56
2026-02-27 05:00:00,9473.682031794498,6779.739776951673,87.54
2026-02-27 06:00:00,9452.037795943928,6764.250309789343,87.34
2026-02-27 07:00:00,9448.791160566343,6761.926889714994,87.31
2026-02-27 08:00:00,9476.928667172084,6782.063197026021,87.57
2026-02-27 09:00:00,9342.734404898549,6686.028500619578,86.33
2026-02-27 10:00:00,9167.416094508932,6560.563816604707,84.71
2026-02-27 11:00:00,9046.208373745741,6473.822800495664,83.59
2026-02-27 12:00:00,8995.344419496902,6437.4225526641885,83.12
2026-02-27 13:00:00,8991.015572326787,6434.324659231722,83.08
2026-02-27 14:00:00,8916.34295864232,6380.885997521685,82.39
2026-02-27 15:00:00,8949.891524210703,6404.894671623296,82.7
2026-02-27 16:00:00,8805.957355804412,6301.889714993805,81.37
2026-02-27 17:00:00,8856.821310053252,6338.289962825279,81.84
2026-02-27 18:00:00,8817.861685522226,6310.408921933086,81.48
2026-02-27 19:00:00,8827.60159165498,6317.3791821561335,81.57
2026-02-27 20:00:00,8814.61505014464,6308.085501858735,81.45
2026-02-27 21:00:00,8787.559755331427,6288.723667905824,81.2
2026-02-27 22:00:00,8787.559755331427,6306.536555142504,81.43
2026-02-27 23:00:00,8787.559755331427,6339.064436183395,81.85
2026-02-28 00:00:00,8787.559755331427,6359.97521685254,82.12
2026-02-28 01:00:00,8787.559755331427,6333.64312267658,81.78
2026-02-28 02:00:00,8787.559755331427,6362.298636926889,82.15
2026-02-28 03:00:00,8787.559755331427,6330.545229244113,81.74
2026-02-28 04:00:00,8787.559755331427,6323.574969021066,81.65
2026-02-28 05:00:00,8787.559755331427,6316.604708798017,81.56
2026-02-28 06:00:00,8787.559755331427,6006.815365551424,77.56
2026-02-28 07:00:00,8787.559755331427,6095.879801734819,78.71
2026-02-28 08:00:00,8787.559755331427,6042.441140024783,78.02
2026-02-28 09:00:00,8787.559755331427,6073.420074349443,78.42
2026-02-28 10:00:00,8787.559755331427,6127.633209417597,79.12
2026-02-28 11:00:00,8787.559755331427,6101.301115241635,78.78
2026-02-28 12:00:00,8787.559755331427,6113.6926889715,78.94
2026-02-28 13:00:00,8787.559755331427,6258.5192069392815,80.81
2026-02-28 14:00:00,8787.559755331427,6215.148698884758,80.25
2026-02-28 15:00:00,8787.559755331427,6267.038413878563,80.92
2026-02-28 16:00:00,8787.559755331427,6278.655514250308,81.07
2026-02-28 17:00:00,8787.559755331427,6302.66418835192,81.38
2026-02-28 18:00:00,8787.559755331427,6378.562577447336,82.36
2026-02-28 19:00:00,8787.559755331427,6366.945477075588,82.21
2026-02-28 20:00:00,8787.559755331427,6573.729863692689,84.88
2026-02-28 21:00:00,8787.559755331427,6543.525402726146,84.49
2026-02-28 22:00:00,8787.559755331427,6528.0359355638175,84.29
2026-02-28 23:00:00,8787.559755331427,6532.682775712515,84.35
2026-03-01 00:00:00,8787.559755331427,6572.955390334573,84.87
2026-03-01 01:00:00,8787.559755331427,6718.556381660471,86.75
2026-03-01 02:00:00,8787.559755331427,6813.042131350681,87.97
2026-03-01 03:00:00,8787.559755331427,6816.914498141264,88.02
2026-03-01 04:00:00,8787.559755331427,6780.5142503097895,87.55
2026-03-01 05:00:00,8787.559755331427,6758.054522924412,87.26
2026-03-01 06:00:00,8787.559755331427,6711.586121437422,86.66
2026-03-01 07:00:00,8787.559755331427,6709.262701363073,86.63
2026-03-01 08:00:00,8787.559755331427,6600.061957868649,85.22
2026-03-01 09:00:00,8764.874198582156,6583.023543990086,85.0
2026-03-01 10:00:00,8788.590917001848,6600.836431226765,85.23
2026-03-01 11:00:00,8783.43510864974,6596.964064436183,85.18
2026-03-01 12:00:00,8752.500258537097,6573.729863692689,84.88
2026-03-01 13:00:00,8876.23965898767,6666.666666666666,86.08
2026-03-01 14:00:00,8847.367132215868,6644.981412639405,85.8
2026-03-01 15:00:00,8833.96203050039,6634.913258983891,85.67
2026-03-01 16:00:00,8661.758031540012,6505.576208178439,84.0
2026-03-01 17:00:00,8651.4464148358,6497.831474597274,83.9
2026-03-01 18:00:00,8653.508738176643,6499.380421313506,83.92
2026-03-01 19:00:00,8582.358582917563,6445.94175960347,83.23
2026-03-01 20:00:00,8453.463374114883,6349.13258983891,81.98
2026-03-01 21:00:00,8552.45489447534,6423.48203221809,82.94
2026-03-01 22:00:00,8530.800499396491,6407.218091697646,82.73
2026-03-01 23:00:00,8620.511564723156,6474.5972738537785,83.6
2026-03-02 00:00:00,8764.874198582156,6583.023543990086,85.0
2026-03-02 01:00:00,8724.65889343572,6552.8190830235435,84.61
2026-03-02 02:00:00,8677.225456596336,6517.193308550187,84.15
2026-03-02 03:00:00,8742.188641832885,6565.985130111523,84.78
2026-03-02 04:00:00,8692.692881652654,6528.810408921932,84.3
2026-03-02 05:00:00,8685.474749959705,6523.3890954151175,84.23
2026-03-02 06:00:00,8585.452067928825,6448.265179677819,83.26
2026-03-02 07:00:00,8553.48605614576,6424.256505576208,82.95
2026-03-02 08:00:00,8606.075301337254,6463.754646840148,83.46
2026-03-02 09:00:00,8624.63621140484,6477.695167286245,83.64
2026-03-02 10:00:00,8650.415253165376,6497.057001239157,83.89
2026-03-02 11:00:00,8650.415253165376,6497.057001239157,83.89
2026-03-02 12:00:00,8630.823181427371,6482.342007434945,83.7
2026-03-02 13:00:00,8566.891157861242,6434.324659231722,83.08
2026-03-02 14:00:00,8834.993192170814,6635.6877323420085,85.68
2026-03-02 15:00:00,9153.622148331035,6875.0,88.77
2026-03-02 16:00:00,9161.871441694406,6881.195786864931,88.85
2026-03-02 17:00:00,9034.00739456215,6785.161090458488,87.61
2026-03-02 18:00:00,9003.072544449506,6761.926889714994,87.31
2026-03-02 19:00:00,9038.132041243834,6788.258983890954,87.65
2026-03-02 20:00:00,9029.882747880461,6782.063197026021,87.57
2026-03-02 21:00:00,9026.789262869199,6779.739776951673,87.54
2026-03-02 22:00:00,9078.34734639027,6818.463444857498,88.04
2026-03-02 23:00:00,8933.98471253127,6710.037174721189,86.64
2026-03-03 00:00:00,8962.85723930307,6731.722428748451,86.92
2026-03-03 01:00:00,8885.520114021463,6673.636926889714,86.17
2026-03-03 02:00:00,8889.644760703148,6676.73482032218,86.21
2026-03-03 03:00:00,8899.956377407363,6684.479553903345,86.31
2026-03-03 04:00:00,8852.522940567977,6648.853779429987,85.85
2026-03-03 05:00:00,8847.36713221587,6644.981412639405,85.8
2026-03-03 06:00:00,8852.522940567977,6648.853779429987,85.85
2026-03-03 07:00:00,8824.681575466597,6627.942998760842,85.58
2026-03-03 08:00:00,8688.56823497097,6525.712515489467,84.26
2026-03-03 09:00:00,8693.724043323076,6529.58488228005,84.31
2026-03-03 10:00:00,8653.508738176639,6499.380421313506,83.92
2026-03-03 11:00:00,8683.412426618861,6521.840148698884,84.21
2026-03-03 12:00:00,8705.066821697712,6538.104089219331,84.42
2026-03-03 13:00:00,8623.605049734419,6476.9206939281285,83.63
2026-03-03 14:00:00,8583.389744587983,6446.716232961586,83.24
2026-03-03 15:00:00,8768.99884526384,6586.121437422553,85.04
2026-03-03 16:00:00,8806.120665399014,6614.002478314746,85.4
2026-03-03 17:00:00,8783.435108649743,6596.964064436183,85.18
2026-03-03 18:00:00,8804.058342058168,6612.453531598512,85.38
2026-03-03 19:00:00,8773.123491945526,6589.219330855019,85.08
2026-03-03 20:00:00,8749.406773525832,6571.406443618338,84.85
2026-03-03 21:00:00,8777.248138627212,6592.317224287485,85.12
2026-03-03 22:00:00,8897.894054066519,6682.930607187113,86.29
2026-03-03 23:00:00,8897.894054066519,6735.594795539033,86.97
2026-03-04 00:00:00,8897.894054066519,6708.488228004956,86.62
2026-03-04 01:00:00,8897.894054066519,6758.054522924412,87.26
2026-03-04 02:00:00,8897.894054066519,6744.114002478314,87.08
2026-03-04 03:00:00,8897.894054066519,6642.657992565055,85.77
2026-03-04 04:00:00,8897.894054066519,6614.776951672861,85.41
2026-03-04 05:00:00,8897.894054066519,6635.6877323420085,85.68
2026-03-04 06:00:00,8897.894054066519,6629.491945477075,85.6
2026-03-04 07:00:00,9088.117723680327,6771.220570012391,87.43
2026-03-04 08:00:00,9325.117705494247,6947.800495662948,89.71
2026-03-04 09:00:00,9410.354541058903,7011.3073110285,90.53
2026-03-04 10:00:00,9370.854544089918,6981.877323420074,90.15
2026-03-04 11:00:00,9330.315073516484,6951.672862453532,89.76
2026-03-04 12:00:00,9294.972970965286,6925.340768277571,89.42
2026-03-04 13:00:00,9354.222966418765,6969.48574969021,89.99
2026-03-04 14:00:00,9375.012438507705,6984.97521685254,90.19
2026-03-04 15:00:00,9660.867679730636,7197.955390334571,92.94
2026-03-04 16:00:00,9516.3808487125,7090.30359355638,91.55
2026-03-04 17:00:00,9515.341375108053,7089.529120198265,91.54
2026-03-04 18:00:00,9602.657157881604,7154.584882280048,92.38
2026-03-04 19:00:00,9686.854519841812,7217.317224287484,93.19
2026-03-04 20:00:00,9653.591364499509,7192.5340768277565,92.87
2026-03-04 21:00:00,9598.499263463815,7151.486988847584,92.34
2026-03-04 22:00:00,9493.512429414666,7073.265179677819,91.33
2026-03-04 23:00:00,9443.617696401208,7036.090458488227,90.85
2026-03-05 00:00:00,9437.380854774527,7031.443618339529,90.79
2026-03-05 01:00:00,9353.183492814318,6968.711276332095,89.98
2026-03-05 02:00:00,9376.051912112154,6985.749690210657,90.2
2026-03-05 03:00:00,9358.380860836554,6972.583643122676,90.03
2026-03-05 04:00:00,9396.841384201096,7001.239157372987,90.4
2026-03-05 05:00:00,9373.972964903262,6984.200743494424,90.18
2026-03-05 06:00:00,9445.696643610105,7037.639405204461,90.87
2026-03-05 07:00:00,9371.894017694365,6982.65179677819,90.16
2026-03-05 08:00:00,9421.788750707823,7019.826517967782,90.64
2026-03-05 09:00:00,9477.920325347963,7061.648079306072,91.18
2026-03-05 10:00:00,9630.722945201675,7175.495662949195,92.65
2026-03-05 11:00:00,9546.525583241466,7112.76332094176,91.84
2026-03-05 12:00:00,9561.078213703724,7123.605947955391,91.98
2026-03-05 13:00:00,9442.578222796761,7035.315985130112,90.84
2026-03-05 14:00:00,9461.288747676808,7049.256505576208,91.02
2026-03-05 15:00:00,9315.762443054226,6940.830235439901,89.62
2026-03-05 16:00:00,9248.19665876517,6890.48946716233,88.97
2026-03-05 17:00:00,9159.841402387172,6824.659231722429,88.12
2026-03-05 18:00:00,9230.52560748957,6877.323420074349,88.8
2026-03-05 19:00:00,9272.10455166745,6908.302354399008,89.2
